<?xml version="1.0" ?>

<container xmlns="http://symfony.com/schema/dic/services"
    xmlns:xsi="http://www.w3.org/2001/XMLSchema-instance"
    xsi:schemaLocation="http://symfony.com/schema/dic/services http://symfony.com/schema/dic/services/services-1.0.xsd">

    <parameters>
        <parameter key="ocd_gw2.table_prefix.prefix">gw2_</parameter>
    </parameters>
    <services>
        <service id="ocd_gw2.apirequest" class="Ocd\Gw2Bundle\Library\OcdGw2ApiRequest">
            <argument>plain_value</argument>
        </service>
        <service id="ocd_gw2.table_prefix" class="Ocd\Gw2Bundle\Library\DoctrineExtensions\TablePrefixSubscriber">
            <argument>%ocd_gw2.table_prefix.prefix%</argument>
        </service>
    </services>
    <!--
    <services>
        <service id="ocd_gw2.example" class="Ocd\Gw2Bundle\Example">
            <argument type="service" id="service_id" />
            <argument>plain_value</argument>
            <argument>%parameter_name%</argument>
        </service>
    </services>
    -->
</container>
